gtsid,gtsterm,rankid,rankname,myaStart,myaEnd,parentgtsid,geoTimeID,initialTimestamp
1,Precambrian,10,superera,4567,538.8,NULL,1374,10/17/24 19:59
2,Phanerozoic,20,eon,538.8,0,NULL,1376,10/17/24 19:59
3,Proterozoic,20,eon,2500,538.8,1,1377,10/17/24 19:59
4,Archean,20,eon,4031,2500,1,1378,10/17/24 19:59
5,Hadean,20,eon,4567,4031,1,1375,10/17/24 19:59
6,Cenozoic,30,era,66,0,2,1383,10/17/24 19:59
7,Mesozoic,30,era,251.902,66,2,1385,10/17/24 19:59
8,Paleozoic,30,era,538.8,251.902,2,1388,10/17/24 19:59
9,Neoproterozoic,30,era,1000,538.8,3,1386,10/17/24 19:59
10,Mesoproterozoic,30,era,1600,1000,3,1384,10/17/24 19:59
11,Paleoproterozoic,30,era,2500,1600,3,1387,10/17/24 19:59
12,Neoarchean,30,era,2800,2500,4,1381,10/17/24 19:59
13,Mesoarchean,30,era,3200,2800,4,1380,10/17/24 19:59
14,Paleoarchean,30,era,3600,3200,4,1382,10/17/24 19:59
15,Eoarchean,30,era,4031,3600,4,1379,10/17/24 19:59
16,Quaternary,40,period,2.58,0,6,1402,10/17/24 19:59
17,Neogene,40,period,23.03,2.58,6,1401,10/17/24 19:59
18,Paleogene,40,period,66,23.03,6,1406,10/17/24 19:59
19,Cretaceous,40,period,145,66,7,1400,10/17/24 19:59
20,Jurassic,40,period,201.4,145,7,1404,10/17/24 19:59
21,Triassic,40,period,251.902,201.4,7,1408,10/17/24 19:59
22,Permian,40,period,298.9,251.902,8,1407,10/17/24 19:59
23,Carboniferous,40,period,358.9,298.9,8,1399,10/17/24 19:59
24,Devonian,40,period,419.2,358.9,8,1403,10/17/24 19:59
25,Silurian,40,period,443.8,419.2,8,1410,10/17/24 19:59
26,Ordovician,40,period,485.4,443.8,8,1405,10/17/24 19:59
27,Cambrian,40,period,538.8,485.4,8,1409,10/17/24 19:59
28,Ediacaran,40,period,635,538.8,9,1392,10/17/24 19:59
29,Cryogenian,40,period,720,635,9,1390,10/17/24 19:59
30,Tonian,40,period,1000,720,9,1398,10/17/24 19:59
31,Stenian,40,period,1200,1000,10,1397,10/17/24 19:59
32,Ectasian,40,period,1400,1200,10,1391,10/17/24 19:59
33,Calymmian,40,period,1600,1400,10,1389,10/17/24 19:59
34,Statherian,40,period,1800,1600,11,1396,10/17/24 19:59
35,Orosirian,40,period,2050,1800,11,1393,10/17/24 19:59
36,Rhyacian,40,period,2300,2050,11,1394,10/17/24 19:59
37,Siderian,40,period,2500,2300,11,1395,10/17/24 19:59
38,Holocene,50,epoch,0.0117,0,16,1432,10/17/24 19:59
39,Pleistocene,50,epoch,2.58,0.0117,16,1444,10/17/24 19:59
40,Pliocene,50,epoch,5.333,2.58,17,1425,10/17/24 19:59
41,Miocene,50,epoch,23.03,5.333,17,1446,10/17/24 19:59
42,Oligocene,50,epoch,33.9,23.03,18,1424,10/17/24 19:59
43,Eocene,50,epoch,56,33.9,18,1441,10/17/24 19:59
44,Paleocene,50,epoch,66,56,18,1436,10/17/24 19:59
45,Late Cretaceous,50,epoch,100.5,66,19,1447,10/17/24 19:59
46,Early Cretaceous,50,epoch,145,100.5,19,1445,10/17/24 19:59
47,Late Jurassic,50,epoch,161.5,145,20,1437,10/17/24 19:59
48,Middle Jurassic,50,epoch,174.7,161.5,20,1443,10/17/24 19:59
49,Early Jurassic,50,epoch,201.4,174.7,20,1442,10/17/24 19:59
50,Late Triassic,50,epoch,237,201.4,21,1439,10/17/24 19:59
51,Middle Triassic,50,epoch,247.2,237,21,1423,10/17/24 19:59
52,Early Triassic,50,epoch,251.902,247.2,21,1419,10/17/24 19:59
53,Lopingian,50,epoch,259.51,251.902,22,1417,10/17/24 19:59
54,Guadalupian,50,epoch,273.01,259.51,22,1431,10/17/24 19:59
55,Cisuralian,50,epoch,298.9,273.01,22,1440,10/17/24 19:59
56,Late Pennsylvanian,50,epoch,307,298.9,23,1428,10/17/24 19:59
57,Middle Pennsylvanian,50,epoch,315.2,307,23,1414,10/17/24 19:59
58,Early Pennsylvanian,50,epoch,323.2,315.2,23,1412,10/17/24 19:59
59,Late Mississippian,50,epoch,330.9,323.2,23,1415,10/17/24 19:59
60,Middle Mississippian,50,epoch,346.7,330.9,23,1413,10/17/24 19:59
61,Early Mississippian,50,epoch,358.9,346.7,23,1411,10/17/24 19:59
62,Late Devonian,50,epoch,382.7,358.9,24,1427,10/17/24 19:59
63,Middle Devonian,50,epoch,393.3,382.7,24,1421,10/17/24 19:59
64,Early Devonian,50,epoch,419.2,393.3,24,1434,10/17/24 19:59
65,Pridoli,50,epoch,423,419.2,25,1448,10/17/24 19:59
66,Ludlow,50,epoch,427.4,423,25,1420,10/17/24 19:59
67,Wenlock,50,epoch,433.4,427.4,25,1429,10/17/24 19:59
68,Llandovery,50,epoch,443.8,433.4,25,1433,10/17/24 19:59
69,Late Ordovician,50,epoch,458.4,443.8,26,1438,10/17/24 19:59
70,Middle Ordovician,50,epoch,470,458.4,26,1422,10/17/24 19:59
71,Early Ordovician,50,epoch,485.4,470,26,1418,10/17/24 19:59
72,Furongian,50,epoch,497,485.4,27,1430,10/17/24 19:59
73,Miaolingian,50,epoch,509,497,27,1435,10/17/24 19:59
74,Cambrian Series 2,50,epoch,521,509,27,1416,10/17/24 19:59
75,Terreneuvian,50,epoch,538.8,521,27,1426,10/17/24 19:59
76,Meghalayan,60,age,0.0042,0,38,1510,10/17/24 19:59
77,Northgrippian,60,age,0.0082,0.0042,38,1514,10/17/24 19:59
78,Greenlandian,60,age,0.0117,0.0082,38,1491,10/17/24 19:59
79,Late Pleistocene,60,age,0.129,0.0117,39,1542,10/17/24 19:59
80,Chibanian,60,age,0.774,0.129,39,1476,10/17/24 19:59
81,Calabrian,60,age,1.8,0.774,39,1464,10/17/24 19:59
82,Gelasian,60,age,2.58,1.8,39,1488,10/17/24 19:59
83,Piacenzian,60,age,3.6,2.58,40,1518,10/17/24 19:59
84,Zanclean,60,age,5.333,3.6,40,1549,10/17/24 19:59
85,Messinian,60,age,7.246,5.333,41,1511,10/17/24 19:59
86,Tortonian,60,age,11.63,7.246,41,1538,10/17/24 19:59
87,Serravallian,60,age,13.82,11.63,41,1531,10/17/24 19:59
88,Langhian,60,age,15.98,13.82,41,1505,10/17/24 19:59
89,Burdigalian,60,age,20.44,15.98,41,1463,10/17/24 19:59
90,Aquitanian,60,age,23.03,20.44,41,1454,10/17/24 19:59
91,Chattian,60,age,27.82,23.03,42,1475,10/17/24 19:59
92,Rupelian,60,age,33.9,27.82,42,1525,10/17/24 19:59
93,Priabonian,60,age,37.71,33.9,43,1521,10/17/24 19:59
94,Bartonian,60,age,41.2,37.71,43,1459,10/17/24 19:59
95,Lutetian,60,age,47.8,41.2,43,1508,10/17/24 19:59
96,Ypresian,60,age,56,47.8,43,1548,10/17/24 19:59
97,Thanetian,60,age,59.2,56,44,1535,10/17/24 19:59
98,Selandian,60,age,61.6,59.2,44,1529,10/17/24 19:59
99,Danian,60,age,66,61.6,44,1478,10/17/24 19:59
100,Maastrichtian,60,age,72.1,66,45,1509,10/17/24 19:59
101,Campanian,60,age,83.6,72.1,45,1470,10/17/24 19:59
102,Santonian,60,age,86.3,83.6,45,1528,10/17/24 19:59
103,Coniacian,60,age,89.8,86.3,45,1477,10/17/24 19:59
104,Turonian,60,age,93.9,89.8,45,1541,10/17/24 19:59
105,Cenomanian,60,age,100.5,93.9,45,1473,10/17/24 19:59
106,Albian,60,age,113,100.5,46,1451,10/17/24 19:59
107,Aptian,60,age,121.4,113,46,1453,10/17/24 19:59
108,Barremian,60,age,125.77,121.4,46,1458,10/17/24 19:59
109,Hauterivian,60,age,132.6,125.77,46,1494,10/17/24 19:59
110,Valanginian,60,age,139.8,132.6,46,1543,10/17/24 19:59
111,Berriasian,60,age,145,139.8,46,1462,10/17/24 19:59
112,Tithonian,60,age,149.2,145,47,1536,10/17/24 19:59
113,Kimmeridgian,60,age,154.8,149.2,47,1502,10/17/24 19:59
114,Oxfordian,60,age,161.5,154.8,47,1516,10/17/24 19:59
115,Callovian,60,age,165.3,161.5,48,1465,10/17/24 19:59
116,Bathonian,60,age,168.2,165.3,48,1461,10/17/24 19:59
117,Bajocian,60,age,170.9,168.2,48,1457,10/17/24 19:59
118,Aalenian,60,age,174.7,170.9,48,1449,10/17/24 19:59
119,Toarcian,60,age,184.2,174.7,49,1537,10/17/24 19:59
120,Pliensbachian,60,age,192.9,184.2,49,1519,10/17/24 19:59
121,Sinemurian,60,age,199.5,192.9,49,1533,10/17/24 19:59
122,Hettangian,60,age,201.4,199.5,49,1495,10/17/24 19:59
123,Rhaetian,60,age,208.5,201.4,50,1522,10/17/24 19:59
124,Norian,60,age,227,208.5,50,1513,10/17/24 19:59
125,Carnian,60,age,237,227,50,1472,10/17/24 19:59
126,Ladinian,60,age,242,237,51,1504,10/17/24 19:59
127,Anisian,60,age,247.2,242,51,1452,10/17/24 19:59
128,Olenekian,60,age,251.2,247.2,52,1515,10/17/24 19:59
129,Induan,60,age,251.902,251.2,52,1498,10/17/24 19:59
130,Changhsingian,60,age,254.14,251.902,53,1474,10/17/24 19:59
131,Wuchiapingian,60,age,259.51,254.14,53,1546,10/17/24 19:59
132,Capitanian,60,age,264.28,259.51,54,1471,10/17/24 19:59
133,Wordian,60,age,266.9,264.28,54,1545,10/17/24 19:59
134,Roadian,60,age,273.01,266.9,54,1524,10/17/24 19:59
135,Kungurian,60,age,283.5,273.01,55,1503,10/17/24 19:59
136,Artinskian,60,age,290.1,283.5,55,1455,10/17/24 19:59
137,Sakmarian,60,age,293.51,290.1,55,1526,10/17/24 19:59
138,Asselian,60,age,298.9,293.51,55,1456,10/17/24 19:59
139,Gzhelian,60,age,303.7,298.9,56,1493,10/17/24 19:59
140,Kasimovian,60,age,307,303.7,56,1500,10/17/24 19:59
141,Moscovian,60,age,315.2,307,57,1512,10/17/24 19:59
142,Bashkirian,60,age,323.2,315.2,58,1460,10/17/24 19:59
143,Serpukhovian,60,age,330.9,323.2,59,1530,10/17/24 19:59
144,Visean,60,age,346.7,330.9,60,1544,10/17/24 19:59
145,Tournaisian,60,age,358.9,346.7,61,1539,10/17/24 19:59
146,Famennian,60,age,372.2,358.9,62,1484,10/17/24 19:59
147,Frasnian,60,age,382.7,372.2,62,1487,10/17/24 19:59
148,Givetian,60,age,387.7,382.7,63,1489,10/17/24 19:59
149,Eifelian,60,age,393.3,387.7,63,1482,10/17/24 19:59
150,Emsian,60,age,407.6,393.3,64,1483,10/17/24 19:59
151,Pragian,60,age,410.8,407.6,64,1520,10/17/24 19:59
152,Lochkovian,60,age,419.2,410.8,64,1506,10/17/24 19:59
153,Ludfordian,60,age,425.6,423,66,1507,10/17/24 19:59
154,Gorstian,60,age,427.4,425.6,66,1490,10/17/24 19:59
155,Homerian,60,age,430.5,427.4,67,1497,10/17/24 19:59
156,Sheinwoodian,60,age,433.4,430.5,67,1532,10/17/24 19:59
157,Telychian,60,age,438.5,433.4,68,1534,10/17/24 19:59
158,Aeronian,60,age,440.8,438.5,68,1450,10/17/24 19:59
159,Rhuddanian,60,age,443.8,440.8,68,1523,10/17/24 19:59
160,Hirnantian,60,age,445.2,443.8,69,1496,10/17/24 19:59
161,Katian,60,age,453,445.2,69,1501,10/17/24 19:59
162,Sandbian,60,age,458.4,453,69,1527,10/17/24 19:59
163,Darriwilian,60,age,467.3,458.4,70,1480,10/17/24 19:59
164,Dapingian,60,age,470,467.3,70,1479,10/17/24 19:59
165,Floian,60,age,477.7,470,71,1485,10/17/24 19:59
166,Tremadocian,60,age,485.4,477.7,71,1540,10/17/24 19:59
167,Cambrian Stage 10,60,age,489.5,485.4,72,1466,10/17/24 19:59
168,Jiangshanian,60,age,494,489.5,72,1499,10/17/24 19:59
169,Paibian,60,age,497,494,72,1517,10/17/24 19:59
170,Guzhangian,60,age,500.5,497,73,1492,10/17/24 19:59
171,Drumian,60,age,504.5,500.5,73,1481,10/17/24 19:59
172,Wuliuan,60,age,509,504.5,73,1547,10/17/24 19:59
173,Cambrian Stage 4,60,age,514,509,74,1469,10/17/24 19:59
174,Cambrian Stage 3,60,age,521,514,74,1468,10/17/24 19:59
175,Cambrian Stage 2,60,age,529,521,75,1467,10/17/24 19:59
176,Fortunian,60,age,538.8,529,75,1486,10/17/24 19:59